Uuid,Answers,Members,Fully specified name:en,Short name:en,Data class,Data type,_version:1,_order:9
b55702e0-c223-4a7b-88e4-df65ff71d658,,"Epistomy Repair;
Cervical Laceration;
Abdominal Scan;
Scotal Scan;
Breast Scan;
Pelvic Scan;
Obsteric Scan;
Biophysical Profile;",Scans,,Misc,N/A,,
e1311cd3-7fb4-4c9d-9cf6-4c8ec170f0e7,,"Mymectomy - Anaestehesia;
Mymectomy Pack;",Mymectomy Surgery,,Misc,N/A,,
2b2c8b0c-1be3-4b8b-a5ff-1dabac3732ab,,"Hysterectomy - Anaestehesia;
Hysterectomy Pack;",Ectopic/Hysterectomy Surgery,,Misc,N/A,,
cdfc489b-87df-4e3c-86be-887882ef7e0d,,"Caeserean Section - Anaestehesia;
Caeserean Section Pack;","Caeserean Section ",Caeserean Section (CS),Misc,N/A,,
b3dac224-fdea-11e4-b248-005056820298,,Lab Samples;Radiology Orders;Procedures,All Orderables,All Orderables,ConvSet,N/A,,